X	Y	Cat
-12.1187903517	17.6313590237	Latin American
5.27932110599	2.51073891409	European
-8.5162831894	18.8679981323	U.S. Recipes
-8.78525492172	-10.6930942355	Latin American
9.38544657837	2.24897254345	Asian
18.3426750601	-1.4079215495	Asian
20.0313087787	-4.5516584977	Asian
20.9380794067	-4.66864286552	Asian
13.3313590452	-8.67806033461	Asian
19.9835086216	-4.40461068952	Asian
18.3330256025	-1.44055798802	Asian
-13.626953762	-3.26552400005	U.S. Recipes
11.4467408469	-15.2740739734	Latin American
-5.98006934516	-24.5977279565	Latin American
-13.6003394621	-2.16321605114	U.S. Recipes
-13.6332279968	-3.23385754265	U.S. Recipes
14.1514873035	-20.8349147436	U.S. Recipes
-14.1433920005	-3.52702234441	U.S. Recipes
23.5580597566	-11.6159244498	U.S. Recipes
14.3619308923	-20.8580308636	U.S. Recipes
-12.8946504513	-2.46277913007	U.S. Recipes
-12.492911051	-5.14496141036	U.S. Recipes
-14.4256439111	-15.4423812985	U.S. Recipes
-16.3706441102	-7.18375367189	U.S. Recipes
-18.7831152613	8.60867162307	U.S. Recipes
15.2678832431	13.1494641952	Latin American
-1.17333814887	-2.14416056409	Latin American
-8.23087968926	-3.17824642684	Latin American
-4.68994492646	-26.0171119547	Latin American
2.62107781964	11.0349943909	Latin American
6.12049047394	14.1762497951	Latin American
2.48912041673	11.0053614355	Latin American
11.1085740286	0.463238854789	Latin American
8.80317892681	4.66966689198	Latin American
-7.42932320572	-2.90168209446	Latin American
-4.64501486804	-26.2598966487	Latin American
-4.03517188809	0.308432214482	U.S. Recipes
14.0184584853	7.45114936232	Latin American
-10.9728787837	-8.20140506118	U.S. Recipes
19.0692095273	-10.449058982	Latin American
11.5357460841	-8.95891735213	Latin American
2.5955000731	11.0815681939	Latin American
-4.48976376377	-19.7656744551	Latin American
-2.96835267824	-23.5095363459	Latin American
20.6746153194	-17.6396366235	Latin American
14.6891380837	-0.192899296316	Latin American
19.46964085	-1.8643037188	Latin American
2.55640863586	11.0696356891	Latin American
-3.78456671552	-22.0189525074	Latin American
-3.23643370668	-25.8383417362	Latin American
6.04870321849	2.16062234174	Latin American
7.63940160865	2.37764392399	Latin American
8.19262227704	10.9781713881	Latin American
9.32481546398	-14.3844240035	Latin American
2.14541077076	-7.75860109794	Latin American
11.9853332348	-9.98560220675	Latin American
7.11771947073	-9.45547990836	Latin American
10.960506789	0.569442289861	Latin American
-5.51863330843	-6.42653249779	Latin American
12.0524501782	16.2908917745	Latin American
-0.873062886754	3.78417361576	Latin American
13.1932157347	-3.67392393081	Latin American
5.93900501609	8.51350119113	Latin American
0.96726985138	2.94088064531	Latin American
16.4900673688	-10.9704968031	Latin American
-3.72076750429	-22.1001197301	Latin American
5.52593643563	3.87822070547	Latin American
7.94516372255	16.924999882	Latin American
10.9810309935	0.31563354061	Latin American
12.2407643406	-1.31124918629	Latin American
13.3494509291	-0.497887123468	Latin American
-1.73733049879	3.18865489486	Latin American
-9.17337878417	-20.3352929603	Latin American
-1.84008727701	-19.7705642443	Latin American
11.6175506107	16.0315447731	Latin American
11.7326506033	11.777644244	Latin American
7.19660231731	16.6289117353	Latin American
0.844221316429	-15.5713582156	Latin American
10.2859380392	11.755086882	Latin American
-3.02035610994	8.59597838132	Latin American
7.35060865017	12.2086256752	Latin American
3.18655813023	10.7211249097	Latin American
2.51903771167	11.1654232555	Latin American
17.4989526484	6.62378575503	Latin American
13.8863773203	13.2665412343	Latin American
-10.9635449988	9.54525766981	Latin American
18.757780479	6.88986683768	Latin American
-1.14243298366	17.655985781	Latin American
-17.4005756928	-11.6578689711	Latin American
-22.5993504181	-9.7806349438	Latin American
-3.79981013944	-26.1918434505	Latin American
7.55856629335	16.5935939835	Latin American
9.28466595381	7.50625394226	Latin American
-11.0099224239	6.12070092562	Latin American
7.38286023433	16.5999102253	Latin American
2.38148415807	-20.3681025967	Latin American
-4.30255874627	5.1988496562	Latin American
-13.0936081851	3.28351284552	Latin American
-13.1269648595	-2.20983748358	Latin American
-12.9799979835	6.10176203156	Latin American
6.10456395849	9.12609550513	Latin American
8.29561219675	-12.258037767	Latin American
-1.00058884081	3.40186868134	Latin American
5.10462508865	3.95401111695	Latin American
1.16137424214	-10.2849657455	Latin American
-22.6319066325	-9.81437992649	Latin American
4.18087515528	12.995680284	Latin American
8.05075484592	11.1079266213	Latin American
7.94576234084	-1.04952484868	Latin American
-16.1362574876	-5.26679790943	Latin American
9.9681897542	17.8838566388	Latin American
-11.6767244471	-6.82993220755	Latin American
19.6445972047	-15.8795424682	Latin American
4.92016082425	0.0862187207708	Latin American
11.2736189607	14.7524472397	Latin American
-15.8600712433	-5.15857952579	Latin American
20.0712573001	6.40235292362	Latin American
5.97192251308	-1.57303237989	Latin American
1.96106194008	2.80318215559	Latin American
12.5352268428	-15.9800336212	Latin American
-18.0752466969	-12.4510110693	Latin American
4.63266201009	-15.3569411674	Latin American
8.14611228549	-1.25068811583	Latin American
7.4752195518	5.31172450249	Latin American
14.5080223548	-1.45137833485	Latin American
9.66824985974	7.15423073899	Latin American
4.64462334231	-15.240968481	Latin American
-1.65664471584	4.73642486049	Latin American
6.48898891573	11.4862368802	Latin American
14.1944189763	6.22450312189	Latin American
10.3701814627	-0.221838436593	Latin American
-11.6309422247	0.33024541024	Latin American
-2.23192503393	2.35249502345	Latin American
15.7354165737	11.1939106049	Latin American
-15.2678398991	5.31558870909	Latin American
-6.84638498424	-22.9665009769	European
15.2922039473	-3.09783578292	European
-2.9767079296	-5.52601319433	European
-5.60579190149	-7.89245031255	European
-0.300567129527	-12.530192104	European
14.2790308401	-11.9801683456	European
25.5881513112	-11.7844313604	European
16.8935876279	15.8463958468	European
-4.93390731009	-17.9103617104	European
0.842837445957	-21.8448628829	European
-5.74755000235	-11.5077617516	European
-7.30004706346	-5.90309972891	European
6.56248751215	2.11303976762	European
22.1315830949	-12.6377195403	European
-7.07066986226	-2.83392907729	European
-0.0619061680728	-8.30304036828	European
-17.6429704494	5.54824901242	European
19.6095565229	11.6656354584	European
-12.69081207	-18.9111834347	European
11.6422956104	-8.4154147974	European
23.4643175925	-11.9038685975	European
19.0540042133	-17.5523232069	European
14.9151823753	-13.6265228454	European
-8.85700482291	-18.7049109971	European
-8.83709890575	-18.6045966613	European
-2.16419634909	-25.4178835865	European
-3.43206464026	-22.4405682715	European
-1.6679563584	-24.1461569993	European
-9.21866388517	-1.66187083659	European
14.6546834392	-21.3445177567	European
-5.53606529145	-7.22442326823	European
19.7854919904	5.77737810919	European
-1.96769174565	-14.9606342914	European
17.806040555	-15.4032898099	European
-12.2446296223	7.34034219444	European
3.62538237267	1.50755723994	European
11.3346467342	-7.58425994752	European
21.6009806005	4.4188696282	European
5.35965761865	-21.5239999002	European
5.42964050776	-21.5004096736	European
-6.16664565702	-3.04794631162	European
19.316241969	-8.48093829651	European
14.7185252221	-11.194494891	European
-6.76092173742	-0.902580011561	European
19.7274534142	-5.2486114174	European
9.84111527504	-15.5806707527	European
9.97245730491	-17.1693862226	European
-10.6306945998	-6.61740290558	European
11.2906849983	-7.61067513765	European
16.310031823	-13.6560389219	European
9.45678978981	-14.3489480181	European
-5.43936400568	1.18322023948	European
10.2412894896	-16.0159166884	European
-9.98172869029	3.30137471935	European
13.8499418978	7.33688590972	European
-12.6732797365	17.6912915711	Latin American
-4.88078465635	13.1180093811	Latin American
-8.0226188431	15.4135392664	Latin American
-8.18368248331	-1.47685040579	Latin American
-7.00812423562	14.8680080068	Latin American
-6.73616400146	18.5164158492	Latin American
-5.19945959087	15.3748640746	Latin American
5.40944039622	14.8762650024	Latin American
-6.79255156773	15.0858784492	Latin American
18.2973597339	7.23678832644	Latin American
-8.38720730666	13.2517484069	Latin American
-10.7685654647	12.4499851368	Latin American
-11.9140172802	2.09540412927	U.S. Recipes
-12.2457933777	17.1306214795	Latin American
-8.83161975783	7.76679884301	Latin American
-7.45545847839	4.6965230572	Latin American
-12.6714229557	15.4617007526	Latin American
11.678573829	-8.87172490173	Latin American
-13.8369025417	10.775719073	Latin American
-4.89927421842	13.4390655841	Latin American
-3.69910161103	11.2254415355	Latin American
-8.37055490193	5.99940531161	U.S. Recipes
5.21339475736	12.0170899942	U.S. Recipes
-4.05912723763	10.7056647607	U.S. Recipes
-6.93840099341	13.8320234491	U.S. Recipes
14.2963814055	-2.26915817699	U.S. Recipes
-0.246679132819	-2.92766761358	U.S. Recipes
-12.7924469406	10.5014920159	U.S. Recipes
7.21524933417	15.1093768473	U.S. Recipes
-4.82856299498	14.1888825601	U.S. Recipes
-8.02349325446	8.18574942615	U.S. Recipes
-7.99132596205	8.19552878907	U.S. Recipes
-3.82490514996	10.4194823153	U.S. Recipes
14.2023972965	-10.6893703527	U.S. Recipes
-8.7074244307	19.0089119366	U.S. Recipes
-8.54236624943	6.54544195142	U.S. Recipes
-2.82114586827	13.1435141382	U.S. Recipes
-9.23591311386	11.0769302531	U.S. Recipes
-0.512007941316	6.42994459564	U.S. Recipes
-16.0742384576	4.40818031534	U.S. Recipes
-4.16644186346	14.6102234554	U.S. Recipes
-1.68919687587	11.2374042792	U.S. Recipes
22.3829825917	8.67946881227	U.S. Recipes
-10.7131299923	-11.9731388443	Asian
-21.3321483246	-14.1021918653	European
9.77666783191	11.3692707194	Asian
-1.14289595373	-16.9320973193	Asian
1.97489254352	1.11901889562	Asian
-5.13595679071	-10.8461007206	Asian
-1.87268831985	3.42104353752	Asian
-15.336232238	-12.8196420527	Asian
-9.45645638027	-2.75704811862	Asian
-4.45452952859	-1.86766166061	Latin American
-8.27029243007	1.88764952065	Asian
-16.5621937258	-13.4528783939	Asian
9.35007077584	15.2156216616	Asian
-9.39849223944	-2.3789864046	Asian
-17.5598938434	4.39477814008	Asian
-18.2611555037	11.4955840626	Asian
10.859677295	-0.793464233983	Asian
-5.50890332638	-21.4737467042	Asian
-6.39766516132	-21.8065248798	Asian
8.4362695817	16.427729287	Asian
-9.52053634766	-1.51328374834	Asian
-19.3075173597	-13.4435862127	Asian
-5.83779979888	15.7265379853	Latin American
5.14343117425	5.91802820255	European
9.59267645337	3.61768306388	Asian
-17.6137203518	-2.14054067802	Asian
13.6384659433	-4.44706029879	Asian
-16.1403565689	-3.03809129135	Asian
6.09451654657	8.78026339967	Asian
8.04569081648	12.164530405	Asian
19.8848874606	5.89784294942	Asian
21.1318744431	1.63446657706	Asian
-13.3880352632	-6.91331584566	Asian
-8.08794857854	-4.69795922576	Asian
-17.6860310165	-4.8320821187	Asian
-17.9424719435	-14.2527102353	Asian
-12.7928581669	-11.3877211376	Asian
-16.0239556986	-14.0804502454	Asian
-12.7272117807	-13.3652889167	Asian
-13.6838072005	-6.86633454503	Asian
-9.75701788737	11.9887961564	Asian
10.8576602916	-2.03556193443	Asian
14.5183553861	-21.2845480415	Asian
21.7091166296	-2.98100625561	Asian
4.37286903677	-15.3185482997	Asian
23.6338185339	-11.7285099173	Asian
-2.33188592751	5.44078234512	Asian
-10.9130080206	-9.48713068659	Asian
-16.3582956289	-7.18531570505	European
-16.1333089426	7.17379064325	European
2.18160282133	-14.7351778921	European
1.403400684	-15.1977068295	European
2.24128584677	-10.5893866954	European
18.3734129622	13.0066071653	European
0.412157697351	-12.3119864988	European
2.6665625814	-13.2405724591	European
6.96557438609	-15.8689981206	Asian
7.73804425745	-12.6858833148	Asian
21.860146965	-5.71811797124	Asian
11.6724313265	-9.97705489188	Asian
4.50032876311	-15.7271674627	Asian
5.03209254441	-15.8074728576	Asian
21.4107782191	-4.49867545315	Asian
-18.0732334713	5.83118931717	European
1.89493961451	-6.46108466806	European
-19.3215334342	6.73208599394	European
1.74327420691	-6.81286238618	European
-19.1841628861	6.63801329351	European
17.3368911861	9.13435404118	European
20.8136285217	8.52293738316	European
-1.48681314211	1.16654615499	European
-2.52625937949	17.7975306086	Asian
21.8928210241	8.91765459458	European
17.1137460738	7.51086761743	European
-10.5355296998	-4.20938660761	European
16.722700988	5.6011847635	European
21.6481700702	9.28432596795	European
18.2150138324	5.90932797552	European
-0.0186723480282	-13.970794385	European
-3.15847605291	17.9530674178	Asian
19.4442837467	4.77437579492	European
9.81121069997	3.90743482448	Asian
7.81345943348	-0.571613285749	Asian
10.2826840443	2.60935264739	Asian
6.2667964611	14.2243270025	Asian
-12.1313940993	1.15170288485	European
5.21603708994	1.73207816041	European
14.1988171909	5.9202024495	European
6.64265833378	-4.73434376273	European
-0.0433120259238	-7.54410564259	European
3.0747320523	-5.30807601459	European
-6.07020513361	-7.24886697941	European
4.9962490212	-4.74831822339	European
5.47845200101	-5.16907844369	European
-19.4983730045	-7.79111082612	Asian
-19.5033283263	-7.77122055214	Asian
-5.07621710361	15.2564244036	Asian
-3.86064340181	-4.46631505145	European
-10.7250699274	-17.0565878931	Asian
-10.8331584548	-17.6532763157	Asian
-10.9371540163	-17.9611221351	Asian
-20.476366171	-5.06510664067	Asian
-17.8482777074	12.1192132917	Asian
-8.53700742982	10.1198842087	Asian
-20.5922464938	-5.21968610343	Asian
-20.0449082162	-4.47633569772	Asian
-12.3285614859	-14.6047108265	Asian
-15.2867409304	13.0030870143	Asian
13.9437878762	-4.12578156137	Asian
-1.19094351545	18.3609139066	Asian
8.54471468997	-1.25569316264	Asian
-7.77669128301	-9.50776580705	U.S. Recipes
9.78443598619	-10.0517948397	U.S. Recipes
-9.89087327086	0.244729229198	U.S. Recipes
7.76593693027	-2.04176799265	U.S. Recipes
19.6694628791	9.632000951	U.S. Recipes
-7.7720488845	-9.56638725062	U.S. Recipes
7.88074220281	-4.18946299462	U.S. Recipes
12.2076885632	11.7446180656	U.S. Recipes
1.38849826019	-6.77182005025	U.S. Recipes
6.61820127595	4.98977311489	U.S. Recipes
-10.7260865346	0.310339625224	U.S. Recipes
2.59313909154	-8.72041138228	U.S. Recipes
-0.632966210516	1.70110846477	European
3.01702077452	-4.39701218377	European
-19.793095904	-11.3848581925	Asian
21.8035465637	14.6302919371	European
-15.2086518216	-5.91761818142	Asian
-17.1398187841	-4.39550640244	Asian
-14.46816397	-16.7844665997	Asian
-15.4520542131	-0.910437398366	Asian
-14.7718081779	-6.82968511527	Asian
-14.0781002982	-5.77737570082	Asian
-16.7744422673	-4.26882215656	Asian
-15.424307901	-1.60927630209	Asian
-14.2487029291	-4.26437159435	Asian
-16.9292871426	-12.8495852855	Asian
12.0958318616	5.09582607523	Asian
-20.541200098	-12.1386035423	Asian
-20.6281477107	-12.2870984979	Asian
-20.1530697601	-11.1638483975	Asian
-15.5467334876	-8.74566648875	Asian
-18.7759469183	-10.0048819195	Asian
-19.3604266649	-11.1281295488	Asian
-19.4374515387	-11.2624966327	Asian
-17.1532819941	-12.4747229165	Asian
-17.7016181361	-9.89818721618	Asian
10.1506229127	11.6514225733	Asian
6.10994849545	11.4076374557	European
-18.2094551916	-15.1075797435	Asian
-13.0094773133	-5.22042325564	Asian
-14.8914571468	-8.91693243572	Asian
-15.5944997243	-8.73864289208	Asian
-15.4064255765	-0.918271167943	Asian
10.2878230922	11.7362561017	Asian
-1.11311183762	2.42746446307	Asian
-13.7297554956	-10.3126408874	Asian
-15.9790427175	-2.59234966082	Asian
-16.0339522658	-2.60032726587	Asian
-10.8744704379	-9.47289243703	Asian
-17.5604238223	-2.22384455494	Asian
-16.3304611598	-3.8256850674	Asian
19.9783212473	2.32810601555	Asian
-14.7061492139	-11.5168084617	Asian
-16.5653354124	-3.92495906321	Asian
12.0893201569	5.09119192392	Asian
1.83668998799	-16.1603768385	European
1.97837640169	-14.9840098033	European
1.83317457736	-16.2711366776	European
2.70055273636	-6.04658153513	European
6.27281599281	-6.37446573801	European
1.73108486194	-15.1151419666	European
2.78114294896	-14.4010381075	European
2.89208619435	-14.5889870031	European
-5.33694264239	-17.2826623736	European
20.4169679162	4.12631492364	European
-3.52621494493	-17.9473539447	European
14.4944220816	-2.79252281906	European
21.5195474765	9.55914559305	European
17.5111302887	9.04525446678	European
-0.89874812166	-10.5398675626	European
-2.25924476866	-21.8779670036	European
2.53979502397	-7.79652358104	European
10.0368130834	-2.03031661353	European
1.67826563877	-14.8492252186	European
12.7727756223	14.1557084449	European
4.93211215897	-6.65354911605	European
11.3769629623	17.4248200646	European
0.0776546852585	-2.52774275353	European
12.9232451313	10.0919000713	European
2.3565807754	-16.2755401622	European
13.0570327638	12.1083367262	European
12.978022769	2.38886268423	Asian
-1.11707861125	17.9546846049	Asian
-2.44630018178	17.8068399586	Asian
-0.294017350494	15.2252567697	Asian
1.23987681684	4.93986058075	Asian
-7.9194333311	-23.2995366202	Asian
19.7330651387	8.08421074971	European
-2.58255335734	-17.0040184386	European
-5.08045555147	-8.52873844497	European
-1.11155807155	18.7938794187	Asian
1.00376869892	19.8477311548	Asian
-2.35253935039	17.8262362102	Asian
0.637403707007	19.6521807953	Asian
1.59005577839	20.0270323726	Asian
-9.61774858286	13.98821356	Asian
14.9280939314	11.3294139874	Asian
-6.34402166947	-26.1243815687	Asian
20.9159962694	7.56944145799	European
21.8127407843	14.6339526666	European
19.0146784541	-15.8738996706	European
8.15945178707	-12.3911803204	European
15.395534342	-9.8240701471	European
-8.00902488677	-21.7429370243	European
16.6803551886	-11.5796200759	European
14.8767233946	-15.3217952031	European
14.1223755956	-17.870377354	European
16.3336872792	-15.496185322	European
4.29838760143	-22.0225884677	European
1.47685281976	8.11563234589	European
8.20111513808	10.8817169355	European
21.8131690224	14.6337239921	European
16.2622575125	2.49235174621	European
-9.50538352486	-5.73963055349	European
21.0623687502	7.68545334771	European
0.982483874749	7.72131631651	European
1.72625736999	8.15422789017	European
-9.4317461674	-5.59982861424	European
16.3179426215	2.51032949258	European
22.4786929339	7.67434836982	European
13.3276010468	13.2472910644	European
2.71445562389	0.327398800392	European
18.9523954445	5.49052241983	European
8.2564431583	8.96832485984	European
23.7370522271	-4.06023526586	European
8.14174785681	8.81785018191	European
-1.88589718639	-15.0135657445	European
16.3671016681	2.52867331589	European
8.3833150536	8.50272934004	Asian
0.345252711933	15.5936742499	Asian
0.270948228419	15.5480931492	Asian
2.09396299	-5.89533013833	Asian
6.48917822342	-15.448785584	Asian
7.88075273978	-0.740657582631	Asian
0.101910077416	15.6871712665	Asian
10.4172611431	8.50077652341	Asian
0.490674764082	1.53443992819	U.S. Recipes
7.96797710844	-0.85841387052	Asian
21.4879775466	7.14784160421	European
-4.98469860046	-8.58801917213	European
-8.04638943656	-1.61037180458	European
21.6348959351	6.5559688412	European
3.6106641669	-3.68495664781	European
18.4133326879	16.0116239932	European
-6.15007844314	-1.3766189104	European
-5.0522105323	-8.40865826133	European
-8.93414993875	-6.05993488697	European
1.04596686255	-9.38694007069	European
18.4771172221	16.1834964598	European
-4.85817984784	-8.85250890213	European
5.87062558531	-1.06920153278	European
1.79879102028	5.29730181803	European
11.9424179727	15.9669997771	European
0.928324515206	-12.9799140702	Canadian
11.6893934081	15.1080116408	European
20.5531830839	6.9374492725	European
14.5032943167	9.15519956197	European
13.7281143325	12.6429431854	European
2.59860439684	-2.75472388792	European
1.43466607059	19.9599679072	Asian
-8.65258293484	-14.5447703449	European
5.42537989852	-4.62548184856	European
13.1479464611	14.3957431144	European
17.6658875616	9.00933197881	European
4.22850337788	-6.81650321841	European
15.7226876546	10.220139796	European
2.80097162825	-3.3409045226	European
5.62911956787	2.41713785932	European
-4.105291601	-6.4433440979	European
14.5756334105	10.4222460241	European
3.89361866241	19.2423512487	Latin American
19.6685509302	11.7907031097	European
7.23474200305	-9.12793781341	Latin American
-7.17064640172	18.3744397406	Latin American
-5.21665228972	6.6364296806	Latin American
4.61233594786	16.3205759373	Latin American
15.7499041518	7.63304649952	Latin American
-0.690642844838	-21.2011862157	Latin American
16.8426838249	7.60985322292	Latin American
2.06729959211	17.1685655486	Latin American
-3.14122756019	3.9678623903	Latin American
-8.56556190894	14.9669030435	Latin American
-3.15089321332	-22.7523978549	Canadian
-16.1738606089	4.92890144639	Latin American
6.63189120229	16.6539389646	Latin American
-6.79353743152	6.84670121153	Latin American
-10.9681235579	10.1479165953	Latin American
15.4379866067	17.456183066	Latin American
-4.34181857522	-1.91778329745	Latin American
15.0079870093	-2.13853187468	Latin American
-4.86685656713	5.18278983893	Latin American
8.27068679815	5.75297838124	Latin American
-8.10793388577	5.46027785254	Latin American
-2.25222530872	6.74396749662	Latin American
-1.24499105172	-4.5432742	Latin American
-8.83264214967	8.47369536477	Latin American
4.42933845204	15.8496074558	Latin American
-8.22821917509	4.02926311085	Latin American
-11.1012124758	16.0718019646	Latin American
-12.4406147291	11.9602243637	Latin American
-2.90841209541	10.6528830171	Latin American
-5.92632996639	7.14318819287	Latin American
-13.2710879468	16.3895070165	Latin American
-9.01167913453	8.39265630349	Latin American
-11.7828782696	11.3316435702	Latin American
-9.56254045734	17.9743680406	Latin American
-1.4371559246	10.566932066	Latin American
-13.533391808	16.2119092497	Latin American
-13.7743504921	11.843656413	Latin American
-11.5204138237	2.41809313296	Latin American
-5.08086121923	7.77357653652	Latin American
-0.797266310949	5.78898338369	Latin American
-2.43832177505	9.55524049581	Latin American
-4.25171839699	-4.6446119967	Latin American
-1.08929487339	8.11377060297	Latin American
2.82154324492	18.9416310902	Latin American
-6.00047807055	7.62485521664	Latin American
-6.97285555905	5.55750159543	Latin American
14.0950315571	6.00839629022	Latin American
-6.62790841157	1.86511277081	Latin American
-3.64554257978	6.87137109462	Latin American
14.7024337527	-5.43601673084	Latin American
3.74334784629	15.7991255622	Latin American
-3.10803103142	6.94550533975	Latin American
5.37109458021	16.5584708604	Latin American
-0.846677626518	5.94402879245	Latin American
4.30391228555	19.3275843996	Latin American
8.07949712037	16.5484778976	Latin American
2.12140888612	17.2450908442	Latin American
14.020239801	-5.01268102678	Latin American
-9.24709095806	13.2594182903	Latin American
12.7974784336	9.95822445376	Latin American
-14.9388331344	11.5302506429	Latin American
-4.90437418325	-0.779661569772	Latin American
-15.8832357528	3.52015550934	Latin American
-2.25925794278	10.6822810418	Latin American
8.24304067622	-7.46706950641	Latin American
-7.04234043198	11.1299336074	Latin American
14.7408194823	8.17666757454	Latin American
11.3355882927	-3.70479920542	Latin American
3.57777439355	15.8288590672	Latin American
7.83399389415	14.3225825292	Latin American
-4.85875770568	8.46436008644	Latin American
-5.68726458577	9.06640880203	Latin American
-11.2503386534	2.17906406569	Latin American
14.5885187782	3.87613368129	Latin American
2.47509886065	14.3376525191	Latin American
-0.027232932721	3.05608501613	Latin American
-8.06624500716	5.10972715569	Latin American
-9.54239167924	17.8686543296	Latin American
-6.20442123251	8.90894022415	Latin American
-8.67612555121	5.96831113498	Latin American
-7.84219490895	13.5642921064	Latin American
-0.792148920477	6.17417321824	Latin American
-3.22373031095	5.14699443561	Latin American
5.18979060224	6.0202943177	Latin American
-5.8829370711	12.8323995222	Latin American
-16.8707293225	5.73875175473	Latin American
0.0634429290651	12.5249296743	Latin American
-2.67231067837	11.4347638587	Latin American
-2.02571540548	10.5535220953	Latin American
2.94932505743	15.2238342579	Latin American
-3.13371664098	11.314363377	Latin American
-5.96632325168	12.4618774866	Latin American
-4.66495514993	9.97108755217	Latin American
-2.4414170265	9.67299016362	Latin American
17.9513542741	8.68718846263	European
3.32373896545	-3.54465168549	European
4.12272497291	7.17600301437	European
2.39190665545	-8.54363093649	European
-9.18294806869	14.0010390853	Latin American
3.87897267702	7.05419719208	European
3.0190885344	-4.30745721262	European
3.97935671028	7.16092612149	European
2.75519958729	-2.85795117426	European
4.11718443542	8.63673916063	European
16.2902740512	11.3828179283	European
-3.74354084733	-20.6568685968	European
18.4256002411	6.10193770677	European
20.005390362	11.5644761989	European
-1.40524555196	-10.0298265622	European
18.2319380803	8.78663412435	European
18.3242942678	-3.3362509814	Latin American
-2.97398490837	13.3197792708	Latin American
-18.3190040415	-11.6539528456	Asian
-11.4881062898	-11.2915503108	Asian
-12.9681351647	-7.75243854478	Asian
-8.74555435674	-5.18979829767	Latin American
6.46361303639	-3.89168065189	Asian
-10.8631304087	-17.8255622759	Asian
9.2516546243	-4.00431392058	Asian
17.4680042739	-6.5540476441	Asian
9.44525656104	-4.35610326507	Asian
-9.96997911685	-11.7565753729	Asian
-4.82543317961	7.86873182484	Latin American
12.2609736204	13.5134982842	Latin American
-13.6771137745	16.0800084377	Latin American
15.3265750606	-1.8953647366	Latin American
15.6425138104	5.42514017504	Latin American
-12.5995809516	11.771403067	Latin American
-6.06107460432	13.1800661434	Latin American
-8.79647144494	-10.6943457133	Latin American
-0.895856746679	10.6861119302	Latin American
-5.11040879165	10.8577752948	Latin American
-2.45815660731	10.5475726806	Latin American
-5.07916233664	10.7611782231	Latin American
-3.71908140765	11.2425693003	Latin American
-4.82472427506	10.2476232179	Latin American
-5.37914753469	11.4107016424	Latin American
-14.7870615241	-10.2837001566	Asian
-1.08690775851	9.27290818199	Latin American
-8.79426970845	6.42179419666	Latin American
18.4123746279	15.6054215178	Latin American
-13.8792374874	-9.10464753717	Asian
-7.06467965699	-23.396594495	Asian
-17.7690903066	12.3074290399	Asian
-13.4874979738	-14.4394818501	Asian
-16.5015444929	-14.9824822257	Asian
-20.0792370272	-1.788237085	Asian
-20.0981962093	-1.873002233	Asian
19.0864326497	2.00359384205	Asian
-20.0771724602	-1.75216484184	Asian
-14.3711702957	-13.5050731651	Asian
-17.8651653162	-7.07303672799	Asian
4.10701539026	-0.207588150005	Asian
-15.1676526007	-11.9183724112	Asian
-17.8278277974	12.1831402071	Asian
-20.5546459929	-5.29507819269	Asian
-20.6508070223	-5.49915235005	Asian
-20.5391447012	-5.24657246627	Asian
-19.3435013806	-13.4560817176	Asian
-15.0723122322	-11.4654622329	Asian
-12.6021579103	-0.579612757696	U.S. Recipes
3.06169504634	0.934391501709	U.S. Recipes
-14.9606984934	-3.18690121413	U.S. Recipes
1.19878213424	-14.664680051	U.S. Recipes
-14.0236637079	-2.53206640462	U.S. Recipes
-16.6162501475	-3.76817304989	Asian
9.37054748315	15.2131698541	Asian
4.95549747983	-14.3528910681	Asian
-18.1444511247	-9.80614212105	Asian
-16.546973952	12.2100351509	Asian
-11.5597876062	9.70399643267	U.S. Recipes
13.1492824954	2.01309017343	Asian
1.03211313333	5.12585019921	Asian
-17.7928523538	12.090403157	Asian
11.804924045	-4.16070237614	U.S. Recipes
17.009169847	-9.27819644081	U.S. Recipes
-4.28858996966	-14.0276467102	U.S. Recipes
-15.5546616857	13.1657625093	Asian
-18.6858666658	5.22537794286	U.S. Recipes
-5.49945766083	-13.4462962326	U.S. Recipes
-15.7296807394	1.33710027249	U.S. Recipes
-19.4174813593	4.41120852178	U.S. Recipes
3.6551861231	0.850305954429	U.S. Recipes
-16.9262907912	13.3354565734	Asian
-19.8939435687	0.991474876576	U.S. Recipes
-18.7310326081	1.66706601953	U.S. Recipes
-1.00025692402	-11.0909438945	Asian
-14.1515858503	-13.0396957441	Asian
-15.3691518629	12.8139021053	Asian
-15.2759098847	12.8807158747	Asian
-16.9006493603	13.3321478853	Asian
4.82602972648	-14.9100306856	Asian
-12.0713702467	-0.123473209286	Asian
6.16677208703	-15.434475742	Asian
-8.07267252773	1.94736145323	Asian
-17.937281787	-15.235648501	Asian
-5.45773234142	20.0420407244	U.S. Recipes
15.2651157045	5.40341568129	U.S. Recipes
-18.7543708853	1.38127006333	U.S. Recipes
16.9235937546	-8.15133027148	U.S. Recipes
15.371785811	6.688282716	U.S. Recipes
-1.2786983835	-4.6643087199	U.S. Recipes
-8.55744401542	16.6511833267	U.S. Recipes
-3.72412312287	-23.6537434278	U.S. Recipes
-18.7334925116	3.04775209138	U.S. Recipes
14.9734385989	6.63476202027	U.S. Recipes
-1.62213935177	-23.4667847526	U.S. Recipes
9.43215234593	-6.96191702131	U.S. Recipes
15.4688144702	-8.39489698649	U.S. Recipes
6.1048548484	-4.28767082877	U.S. Recipes
9.30113081886	-8.36716385608	U.S. Recipes
-5.08660365345	-14.5475910227	U.S. Recipes
-4.81048250631	-17.7453935257	U.S. Recipes
-9.37697866839	6.26414860336	Latin American
12.7902511392	15.2102514353	European
11.6268122476	17.8988315825	European
18.972650993	12.996915585	European
19.8186003186	9.35081113415	European
8.68627868162	16.8176176064	European
8.88821046436	9.02071428106	European
7.63124302758	5.38791983057	European
9.8328013256	-1.21111793007	European
21.8333659558	9.63402712655	European
11.6564644793	11.0877682965	European
3.12840009276	0.210013432744	European
9.45869809635	7.32641580151	European
3.56146685953	1.32568205096	European
13.9174146695	15.092290445	European
10.3613353929	-0.535972180352	European
16.3269026739	11.6611001256	European
-15.2307247699	17.2671944326	European
8.43810175579	12.5222197902	European
-5.3209759004	-4.86521717756	European
-12.3734869491	4.97521642925	European
-3.35136304386	-23.8406546553	European
19.0017614449	12.9653494003	European
0.407976045985	-15.8977840284	European
-2.73940764491	3.11178701512	European
4.72212416468	-0.172850471355	Latin American
2.27378965665	0.976630717605	Latin American
-8.72530149042	19.0870390265	Latin American
-10.0152755638	8.14351843059	Latin American
3.12503790178	19.0453090762	Latin American
10.5624882585	-0.398055646154	Latin American
3.11506189446	19.0670115737	Latin American
8.35686760313	8.68476413231	Latin American
-6.50788567661	5.48464426649	Latin American
10.5958368537	8.0498112057	Latin American
4.49878273638	12.8682982642	Latin American
-11.0885618279	5.8835081239	Latin American
-9.15652637266	-4.05918970973	Latin American
-11.2833317025	6.22004302952	Latin American
-12.3324089124	4.761721894	Latin American
-10.3930527902	16.8658370136	Latin American
10.3853859995	2.19609124474	Latin American
7.58697260206	8.01006658039	Latin American
0.503433129933	-13.9376321794	U.S. Recipes
10.1911998347	-8.08343205421	U.S. Recipes
-14.4508592387	0.195256864265	U.S. Recipes
-8.92992126728	-19.1740629217	U.S. Recipes
-3.24826601947	-1.12865940825	U.S. Recipes
-10.7655243896	-1.62640841885	U.S. Recipes
-14.9910122519	0.591215339439	U.S. Recipes
5.90833843229	-3.81896471776	U.S. Recipes
1.44252014417	-1.71758379222	U.S. Recipes
-1.32553639821	-10.1095435223	U.S. Recipes
18.215638362	-7.62378926205	U.S. Recipes
-5.04072700725	-17.6637801233	U.S. Recipes
6.15978518683	4.98692039735	U.S. Recipes
-16.2657841784	6.7373629577	U.S. Recipes
25.4593275175	-12.1938880852	U.S. Recipes
14.0396908609	-19.9678116999	U.S. Recipes
8.71482648169	-21.6200642536	U.S. Recipes
-11.5015786488	14.2514092128	U.S. Recipes
12.9172842508	-10.1043032158	U.S. Recipes
7.09984464861	12.407050906	U.S. Recipes
18.6592185401	-16.2084737972	U.S. Recipes
6.63290972867	11.9116255157	U.S. Recipes
15.1506059412	3.76035849823	U.S. Recipes
-7.33771231093	3.52994131767	U.S. Recipes
1.71653864918	-0.288281644562	U.S. Recipes
-5.28386899495	-14.5429627355	U.S. Recipes
-17.2700435677	7.27849098365	U.S. Recipes
-12.3130706182	13.5488427532	U.S. Recipes
20.7856371829	-14.0431290945	U.S. Recipes
9.48844196704	-4.70610931301	U.S. Recipes
18.6260876043	-16.7016907471	U.S. Recipes
25.1713854996	-10.2674118755	U.S. Recipes
10.8358596983	-18.8175378255	U.S. Recipes
-8.10073540573	-7.06939918475	U.S. Recipes
-2.72372913755	-22.9148587715	U.S. Recipes
-1.10878305823	-5.52092225017	U.S. Recipes
-5.02964077535	-17.6816663632	U.S. Recipes
-8.41925943823	-7.58599946003	U.S. Recipes
-1.07327516998	-5.7150110308	U.S. Recipes
-2.19669535647	-8.58673135547	U.S. Recipes
-0.995217893895	-22.8922421999	U.S. Recipes
-12.2917496881	13.5906856022	U.S. Recipes
-3.4963000503	-22.3633795783	U.S. Recipes
-6.2158790249	-6.94105320551	U.S. Recipes
4.84583499346	-19.1262239165	U.S. Recipes
18.7690302762	-18.2826551664	U.S. Recipes
8.79452954174	-4.4723776956	U.S. Recipes
16.1903657839	-13.8803628198	U.S. Recipes
-1.68895621367	-8.05953089213	U.S. Recipes
2.99924527978	-24.3546601111	U.S. Recipes
11.3378209665	17.3597968634	U.S. Recipes
0.209921029211	2.98714917496	U.S. Recipes
-5.02886229634	-14.5763207707	U.S. Recipes
0.908817106432	-21.8238814388	U.S. Recipes
4.55288423109	-8.12314821215	U.S. Recipes
1.67431954644	-13.632677471	U.S. Recipes
8.18499240406	13.3133006336	U.S. Recipes
-2.89309511618	-16.4787544179	U.S. Recipes
-12.8992396639	2.89371171887	U.S. Recipes
11.0151897479	-17.0211205307	U.S. Recipes
-4.79022657353	-2.87472455324	U.S. Recipes
-5.09781594731	-14.5632165019	U.S. Recipes
-7.32347017636	17.3364656444	U.S. Recipes
17.7052397937	-6.46881179453	U.S. Recipes
-7.38673554739	-6.94775225098	U.S. Recipes
-5.08972107546	-14.5421351438	U.S. Recipes
10.8304905876	-19.4866120795	U.S. Recipes
-9.83114241773	16.9826305565	U.S. Recipes
-3.38400241181	-4.59166624482	U.S. Recipes
-6.38303554025	16.3581380197	U.S. Recipes
0.64143127011	-2.31739345579	U.S. Recipes
0.381333548566	1.32439394919	U.S. Recipes
15.5095670053	5.04295931274	U.S. Recipes
-4.10451612332	13.425090506	U.S. Recipes
1.24921614239	-11.1447546143	U.S. Recipes
13.3068663804	1.69412047814	U.S. Recipes
10.2010407339	-7.93477425934	U.S. Recipes
-10.1468609122	11.2210228264	U.S. Recipes
-1.34407038899	-0.435938468217	U.S. Recipes
16.0889675296	10.4186708565	U.S. Recipes
-0.695541598773	-10.8147934084	U.S. Recipes
-18.9359281603	1.38320768172	U.S. Recipes
2.58220829016	15.1887363448	U.S. Recipes
-1.98656284191	-18.6576699602	U.S. Recipes
9.7411765157	-22.7085412594	U.S. Recipes
13.1393702895	-18.0431112692	U.S. Recipes
-4.05021180829	-6.86246413495	U.S. Recipes
-1.56163468205	-19.857103613	U.S. Recipes
-16.7386877448	9.18491186844	U.S. Recipes
14.0163275227	-2.41395797803	U.S. Recipes
-3.53664276075	-26.5622812926	U.S. Recipes
5.53811826289	-8.3112303963	U.S. Recipes
-8.09428763751	-1.44532230134	U.S. Recipes
-1.23066228657	-6.14491303289	U.S. Recipes
11.7089369367	-16.9592217222	U.S. Recipes
20.586631651	-13.3195462126	U.S. Recipes
4.7777775963	-21.8167232483	U.S. Recipes
-4.49334339896	-7.66151115327	U.S. Recipes
-13.135856597	-1.93012920697	U.S. Recipes
-13.7356307052	-9.08170912278	U.S. Recipes
8.57640976386	-4.22495678851	U.S. Recipes
6.4755764249	-21.1287292456	U.S. Recipes
-1.60208390297	-1.82217015367	U.S. Recipes
8.81518995581	-17.6768645193	U.S. Recipes
11.0473517435	-12.1225402192	U.S. Recipes
-2.91141486217	-16.3735773977	U.S. Recipes
19.0551935538	-6.53851421546	U.S. Recipes
-2.18655932039	-8.18061213357	U.S. Recipes
4.073057012	0.769214867556	U.S. Recipes
3.8245795106	3.63214698415	U.S. Recipes
-6.4470260218	-9.73846661646	U.S. Recipes
-2.49754125044	-23.316433988	U.S. Recipes
-3.14069905614	-25.1264018617	U.S. Recipes
12.1790060756	-0.813932970899	U.S. Recipes
-16.7374190039	0.400282968344	U.S. Recipes
-1.88237779902	-12.8014974877	U.S. Recipes
-2.10190647886	0.091033335353	U.S. Recipes
8.84492890342	-5.7464426519	U.S. Recipes
9.74312351024	-10.0159128266	U.S. Recipes
19.5230310063	11.240073123	U.S. Recipes
-1.56416416648	-21.2325678353	U.S. Recipes
16.8218025522	5.5269412998	U.S. Recipes
14.6632141467	5.40093346061	U.S. Recipes
7.68389174312	-16.8572205248	U.S. Recipes
22.348880866	-11.4808149667	U.S. Recipes
20.3980490012	-15.7970264516	U.S. Recipes
13.4838514479	1.45408801693	U.S. Recipes
-15.4042247791	0.807540355465	U.S. Recipes
3.78952139884	3.67644772775	U.S. Recipes
3.62468019332	-8.19778149513	U.S. Recipes
-17.8984761	-1.62023063877	U.S. Recipes
-10.9111285	-3.59395274412	U.S. Recipes
4.83418984686	-19.1002423458	U.S. Recipes
15.6727335422	-8.02903250973	U.S. Recipes
-2.7040289294	-3.34985005257	U.S. Recipes
-1.78983524059	4.99390467484	U.S. Recipes
20.2580719978	-14.1988387397	U.S. Recipes
-13.5181988847	9.02210750553	U.S. Recipes
9.51164154127	-15.2817415594	U.S. Recipes
-4.69903167963	-23.5744903689	U.S. Recipes
20.5114954524	-11.3729344143	U.S. Recipes
21.2653981699	-5.24187734766	U.S. Recipes
1.0542709899	-17.5603795373	U.S. Recipes
16.6338796889	11.7699390055	U.S. Recipes
0.669911193549	-17.985200046	U.S. Recipes
16.7948906988	-18.0140639158	U.S. Recipes
-2.35951313634	-7.29801372711	U.S. Recipes
-0.773849707167	-22.1457730258	U.S. Recipes
4.93676771523	-21.7516411805	U.S. Recipes
-1.41649250094	1.42685358094	U.S. Recipes
-18.44947671	-12.4323226783	U.S. Recipes
15.5633290153	-16.5902094728	U.S. Recipes
-3.05913584987	-22.7677996821	U.S. Recipes
23.5603128522	-3.99625832056	U.S. Recipes
13.911079815	-19.5018861414	U.S. Recipes
18.8530586293	-14.0169335349	U.S. Recipes
6.90819875298	-9.99424139604	U.S. Recipes
11.1233568156	-16.9713495694	U.S. Recipes
13.3482130251	-13.3723557676	U.S. Recipes
-5.70007819835	-23.6233826822	U.S. Recipes
-10.7100720378	16.5180765546	U.S. Recipes
-3.88853546314	1.32523201123	U.S. Recipes
-12.1411861518	5.90524309727	U.S. Recipes
-12.4944017189	-5.57594833912	U.S. Recipes
25.6941460733	-10.864327239	U.S. Recipes
2.58905831158	-17.3249129637	U.S. Recipes
-2.66137622191	-25.6153391591	U.S. Recipes
-7.96174876995	16.985126165	U.S. Recipes
10.8039760145	-19.3545842071	U.S. Recipes
-3.25150327798	-10.6587184488	U.S. Recipes
-0.0174920931541	-12.536726339	U.S. Recipes
19.0911563259	-6.10302264093	U.S. Recipes
2.11054936237	17.564647908	U.S. Recipes
-4.87476734973	14.0448324973	U.S. Recipes
-8.65105825822	-14.5420647051	U.S. Recipes
12.320938316	-1.36723797178	U.S. Recipes
-11.6619551546	9.76202621726	U.S. Recipes
15.6014473641	-16.6051029965	U.S. Recipes
19.0914314756	9.2010133565	U.S. Recipes
4.13700614133	-9.0790697206	U.S. Recipes
10.2799254818	-8.15336839816	U.S. Recipes
25.2185730212	-10.3567261669	U.S. Recipes
-1.44944755841	-19.7281605337	U.S. Recipes
11.6050665723	-2.98184677039	U.S. Recipes
-7.09311377379	-6.68752088939	U.S. Recipes
-18.7533536252	1.4133241911	U.S. Recipes
-2.36289403545	-8.57297928929	U.S. Recipes
5.7326714362	0.133039916151	U.S. Recipes
18.8201289651	-18.1463081763	U.S. Recipes
16.4874448407	3.91257410199	U.S. Recipes
17.9636689119	-9.93331941397	U.S. Recipes
14.3860164843	-13.8436971134	U.S. Recipes
6.87002251573	-10.0636472535	U.S. Recipes
-5.45431269311	20.0529408046	U.S. Recipes
21.1590526774	-7.22369830399	U.S. Recipes
-3.35078789474	0.269046686575	U.S. Recipes
-13.9955848416	0.37683035167	U.S. Recipes
-12.6174902601	2.47177623264	U.S. Recipes
12.1617189969	-15.1228115682	U.S. Recipes
18.9771055318	-7.61767159038	U.S. Recipes
0.251823554344	-16.0143611924	U.S. Recipes
7.37678564277	-17.1103378446	U.S. Recipes
19.0009426157	-10.4532326644	U.S. Recipes
3.6065719643	5.11149954528	U.S. Recipes
-14.290108629	3.00919986521	U.S. Recipes
9.33734533566	-19.0079657128	U.S. Recipes
21.0271110121	-7.27144610293	U.S. Recipes
14.3504897536	-20.7444448616	U.S. Recipes
-1.54662876472	-24.260011787	U.S. Recipes
14.5734223916	-21.2258144253	U.S. Recipes
20.1271273068	2.6353967046	U.S. Recipes
-0.773822678404	-8.56049881458	U.S. Recipes
11.4688425091	-17.4741394907	U.S. Recipes
-12.7006113747	16.3380909275	U.S. Recipes
7.21551740036	-9.22448867464	U.S. Recipes
0.966300935554	-11.6205299882	U.S. Recipes
11.3586284542	-15.8685063665	U.S. Recipes
2.9337778433	-24.3539057011	U.S. Recipes
-3.52291613694	-5.77304270412	U.S. Recipes
11.7458783529	17.1853392142	U.S. Recipes
16.8088418351	11.849862509	U.S. Recipes
10.0083191633	-16.9291041681	U.S. Recipes
-4.30943983104	3.13672458758	U.S. Recipes
-19.3939043253	3.88009671162	U.S. Recipes
19.0411721353	-13.1222582731	U.S. Recipes
1.16282606904	-5.90266400414	U.S. Recipes
12.9679070525	-13.2288789508	U.S. Recipes
0.211050055691	-4.3142294444	U.S. Recipes
20.5808147292	-16.6793809959	U.S. Recipes
-6.25345764748	-8.4254946395	U.S. Recipes
-6.82307341052	-0.175676194965	U.S. Recipes
-7.160411595	-11.8922509097	U.S. Recipes
-17.2909514105	6.96419148069	U.S. Recipes
-0.666125416407	-8.47892840829	U.S. Recipes
-6.9228165269	-11.8220444165	U.S. Recipes
-8.14469832462	-4.37150205501	U.S. Recipes
18.0146420618	-11.484943315	U.S. Recipes
-2.08836968054	-22.0413250285	U.S. Recipes
1.8779830713	-12.1659671888	U.S. Recipes
-20.0034292305	0.960464248816	U.S. Recipes
11.7402676685	-5.27203519301	U.S. Recipes
2.52219275613	-7.74503150728	U.S. Recipes
20.0221895315	-7.80023496596	U.S. Recipes
-0.797004630089	-16.2014298257	U.S. Recipes
-6.1189828351	-14.2620754575	U.S. Recipes
-18.1151660195	3.72980818101	U.S. Recipes
13.8974774224	-12.0680099991	U.S. Recipes
4.57608858318	-11.5771181785	U.S. Recipes
1.45323565706	-13.2905008068	U.S. Recipes
5.0177741985	-11.9720906613	U.S. Recipes
-6.99297908716	-11.8486843128	U.S. Recipes
4.80781418125	-19.0613505655	U.S. Recipes
8.29049362005	-7.44029472309	U.S. Recipes
-0.651678720396	-23.2750923943	U.S. Recipes
19.6561130164	-7.34291883638	U.S. Recipes
6.38889904046	-6.32988713651	U.S. Recipes
6.40260299406	-18.1679191192	U.S. Recipes
6.4334314655	-18.1238012765	U.S. Recipes
17.2021843257	4.4665826574	U.S. Recipes
3.11050172825	-8.31626755555	U.S. Recipes
-0.688931610701	-1.63258668476	U.S. Recipes
-21.3387822448	-14.1044136957	U.S. Recipes
6.6457081873	-21.0766150713	U.S. Recipes
-4.03081388075	-21.0452459123	U.S. Recipes
-7.26924462442	-0.327353713824	U.S. Recipes
12.8112656074	10.0725843357	U.S. Recipes
-3.33302579998	0.548073323905	U.S. Recipes
-15.3277397516	1.24745065244	U.S. Recipes
-9.35073269841	-8.78228345488	U.S. Recipes
15.5235466614	9.34783350061	U.S. Recipes
-7.95092671391	16.7319077805	U.S. Recipes
-7.89845902372	6.82971255142	U.S. Recipes
-4.68491635679	9.8138247664	U.S. Recipes
19.4509284784	-5.66912845153	U.S. Recipes
-6.5176040172	1.42433587462	U.S. Recipes
16.3654593996	13.5872376642	U.S. Recipes
0.15337391087	-13.3109387459	U.S. Recipes
-8.0505224479	-17.8993635043	U.S. Recipes
0.0279357216241	-13.848305494	U.S. Recipes
-0.254831331238	-12.2898638074	U.S. Recipes
-18.4652538812	0.844739611976	U.S. Recipes
-23.437947917	-5.5892546994	U.S. Recipes
-18.5211652944	0.762108046345	U.S. Recipes
11.656770586	-4.73460605986	U.S. Recipes
13.8445510579	1.16660284073	U.S. Recipes
-18.8270559432	8.67250814526	U.S. Recipes
9.7561984635	-22.7393061852	U.S. Recipes
-17.392684002	0.982474786424	U.S. Recipes
-2.148089566	1.75017636821	U.S. Recipes
10.5942746704	-15.3995570155	U.S. Recipes
-4.01906538379	0.517122103659	U.S. Recipes
-10.4699030438	1.70201444208	U.S. Recipes
-3.85267575857	-2.65495209932	U.S. Recipes
-3.48950763109	0.25383680101	U.S. Recipes
-9.77519331857	0.14281861314	U.S. Recipes
-16.9895886449	1.79868581047	U.S. Recipes
11.2609762271	-4.16694613022	U.S. Recipes
-3.03472231948	-5.06481728776	U.S. Recipes
16.0548841486	-13.1910629081	U.S. Recipes
1.41113123468	-19.8040112985	U.S. Recipes
-6.80499775168	-20.6253614175	U.S. Recipes
-17.8300380396	3.38442810278	U.S. Recipes
-1.93850505377	5.48989060145	U.S. Recipes
-12.7289159324	-3.45180575277	U.S. Recipes
-6.76639295289	-24.7620540921	U.S. Recipes
0.0684894294495	12.7217913544	U.S. Recipes
-3.35753327256	-20.0581876475	U.S. Recipes
-0.55757013945	-19.316875908	U.S. Recipes
2.26515543889	-0.0636253720739	U.S. Recipes
13.8800626636	10.3614624393	U.S. Recipes
6.87661802808	-21.0447069122	U.S. Recipes
-0.0396320329012	0.906474428043	U.S. Recipes
-15.6659919334	6.24246501559	U.S. Recipes
21.5483824297	4.22809921135	U.S. Recipes
-11.3018501103	18.3366055369	U.S. Recipes
-5.94009304998	-24.3184147422	U.S. Recipes
-23.438522285	-5.58903357051	U.S. Recipes
17.4006412476	7.00320874511	U.S. Recipes
-5.7530229242	-19.2175914929	U.S. Recipes
11.5904383987	11.8221811929	U.S. Recipes
11.696790695	-16.9898692047	U.S. Recipes
-2.76045958638	-4.27638691649	U.S. Recipes
-0.73371101318	13.371353281	U.S. Recipes
8.17900718752	-4.00477726043	U.S. Recipes
18.0241622994	12.9215181825	U.S. Recipes
18.7836395802	5.6322169136	U.S. Recipes
-16.7462367155	9.15171088525	U.S. Recipes
-8.58262358593	-4.30124573765	U.S. Recipes
14.0803695516	-20.0824010817	U.S. Recipes
-10.5402031093	-1.60254020443	U.S. Recipes
-11.6315939377	17.0651899463	U.S. Recipes
10.8429070689	-19.117789079	U.S. Recipes
21.0849843636	-7.20661901057	U.S. Recipes
0.345429661095	1.46739526518	U.S. Recipes
-5.99363171144	14.8377848151	U.S. Recipes
-5.9669654445	-24.4839677877	U.S. Recipes
-1.99794366258	-6.3186235865	U.S. Recipes
17.203320216	-16.9170020782	U.S. Recipes
9.91373716587	-16.7389484545	U.S. Recipes
18.0294515822	9.72152620554	U.S. Recipes
-0.720464879633	4.74411490836	U.S. Recipes
-3.59893115623	-26.1942226831	U.S. Recipes
23.4579245597	0.330164200554	U.S. Recipes
-5.57082491144	-5.02479008767	U.S. Recipes
5.08691207238	9.91715369011	U.S. Recipes
-0.281372127404	-4.81092976903	U.S. Recipes
-2.06822006731	3.66896531034	U.S. Recipes
13.1441349383	15.8165723339	U.S. Recipes
19.7707653504	4.15910262156	U.S. Recipes
6.55747225545	11.123767072	U.S. Recipes
-14.472822982	13.6528918736	U.S. Recipes
-1.16772077332	-4.61279858392	U.S. Recipes
-2.11431613027	0.869551777578	U.S. Recipes
-2.62457670295	0.655969951429	U.S. Recipes
21.0364546382	-4.08784744087	U.S. Recipes
11.5317256634	7.01304516014	U.S. Recipes
6.97763587494	17.1463505362	U.S. Recipes
-17.9824833277	-9.8257131145	U.S. Recipes
7.94420356395	8.43265118249	U.S. Recipes
-17.4805032794	1.3297129004	U.S. Recipes
13.7413763107	-18.0047869055	U.S. Recipes
16.0636462966	-12.8720117146	U.S. Recipes
-5.69339317623	-19.1450307548	U.S. Recipes
19.2011001583	-7.22100285478	U.S. Recipes
10.5155080477	-2.29600990701	U.S. Recipes
-11.259909261	5.09186888125	U.S. Recipes
-7.38131662216	-2.90918593729	U.S. Recipes
-5.76851058809	-22.281417711	U.S. Recipes
18.726414017	-16.4236081321	U.S. Recipes
-11.0822648045	-1.98448585327	U.S. Recipes
-3.45755658125	-16.0221133213	U.S. Recipes
13.3596650342	11.8039081977	U.S. Recipes
19.5915781449	8.97991374404	U.S. Recipes
-4.13750892667	-25.2485278771	U.S. Recipes
22.1871046755	-3.16080422315	U.S. Recipes
-10.7534059295	-1.64328893389	U.S. Recipes
-7.84893958593	-8.00081654078	U.S. Recipes
8.68708465052	-21.5903874615	U.S. Recipes
16.3500923273	13.4495854835	U.S. Recipes
10.1172668837	-14.3018624384	U.S. Recipes
14.5741846867	9.90524484543	U.S. Recipes
14.9030174643	-12.4190150215	U.S. Recipes
4.45484645697	-11.1639821716	U.S. Recipes
0.847817484105	-11.9394865118	U.S. Recipes
18.9234220718	5.21044968512	U.S. Recipes
-3.50375559684	-10.6694528673	U.S. Recipes
2.3192831605	-20.2884208885	U.S. Recipes
-13.9391597263	10.5703535916	U.S. Recipes
-6.83215421562	-2.43052193047	U.S. Recipes
10.4792999207	-2.31836029944	U.S. Recipes
-1.26453450423	-1.13939719576	U.S. Recipes
-4.45835629032	-26.9182937506	U.S. Recipes
-7.09279554325	-16.0933524304	U.S. Recipes
21.3235054222	4.16770693957	U.S. Recipes
2.19234535539	-10.1985847268	U.S. Recipes
21.9316054024	-6.93313018121	U.S. Recipes
11.246133413	-15.3296152136	U.S. Recipes
-18.867314125	8.7064687068	U.S. Recipes
11.7722186481	-5.30571639243	U.S. Recipes
21.3113378838	9.67588752736	U.S. Recipes
9.83094652399	-15.8125234366	U.S. Recipes
2.96878012224	-4.49561256209	U.S. Recipes
-1.5843127443	-11.4543741384	U.S. Recipes
9.37297031674	-15.2220769355	U.S. Recipes
-6.35101512603	-22.2412692575	U.S. Recipes
-4.04399434895	-3.39450660349	U.S. Recipes
13.3725041257	1.5068083783	U.S. Recipes
-11.3334460249	11.7981847535	U.S. Recipes
-12.9999617479	-0.0907617437451	U.S. Recipes
2.3665249874	-17.5020542029	U.S. Recipes
-11.3629703382	0.221212418176	U.S. Recipes
18.7556630814	-17.8007985325	U.S. Recipes
20.2427231034	-9.40585789204	U.S. Recipes
-19.262810726	0.914299480924	U.S. Recipes
-10.4259667434	15.5106781198	U.S. Recipes
20.7893012342	-14.8045144196	U.S. Recipes
13.6120907528	-18.2462137665	U.S. Recipes
-7.04354017777	-15.9543207824	U.S. Recipes
-11.2568350057	3.73917213585	U.S. Recipes
21.4670617841	-3.56436496753	U.S. Recipes
15.479787668	-13.2529686062	U.S. Recipes
18.6135384833	-16.7077992553	U.S. Recipes
-15.9638308181	1.80621310667	U.S. Recipes
9.30397414039	-18.155377043	U.S. Recipes
18.7269322232	-17.7319670006	U.S. Recipes
-2.63163281642	-11.1219265766	U.S. Recipes
23.8290383933	0.134216948925	U.S. Recipes
-2.55894185088	-13.631169335	African
18.8857604469	-17.678955147	U.S. Recipes
9.22775084892	-15.0944548561	U.S. Recipes
13.3955179702	1.48437631257	U.S. Recipes
16.6661005098	11.0546901351	U.S. Recipes
-2.62782193988	-19.1808951644	U.S. Recipes
-6.63140045546	1.47510782094	U.S. Recipes
15.1438107962	-5.00656017323	U.S. Recipes
1.19727603329	4.93035623135	NA
3.13158493748	19.028201967	NA
-16.0922994633	-5.21211670451	NA
-1.67703971439	-16.7636344818	NA
-8.64941970195	-8.53279213728	NA
-3.89532918523	-4.2638867405	NA
-12.144140257	14.4809985168	NA
18.5589872968	-16.5763796085	Latin American
7.71616099498	1.8136743314	African
-3.2254375776	-10.6599264204	African
-8.9362752007	-8.76994688122	European
-17.8131613602	-5.32674785692	Asian
11.1660717688	-9.24309094838	European
-7.18810708649	-7.04127285724	European
17.3359793664	-14.1543824538	Australian and New Zealander
6.64041535363	11.1382230785	African
-8.04490081543	-17.8908039257	Canadian
6.57738214432	13.2198507477	African
5.56623421743	11.4526214571	African
11.56784888	2.2798250546	African
-2.66380699291	5.22492086146	African
8.34522990713	14.3968532596	African
-1.61595464062	-22.743466199	African
15.0764207303	11.3613082158	African
22.3980754376	-8.54484445926	African
21.0875319522	-0.205508082875	African
20.2925411968	-14.8973869924	African
10.9264446328	-17.167756273	African
21.0969456572	-0.216629302113	African
11.3756057501	8.27218050652	African
18.8431835984	-14.6258571845	African
6.09242665434	12.9584595645	African
5.62009210003	14.0463074612	African
-11.7283005541	-6.81749857921	African
9.40256504004	3.10807092516	African
-21.8872030709	0.0571220415392	African
-6.82875081879	-2.42204425582	African
-9.59417168079	-7.26393563497	African
-21.887456536	0.059622571205	African
8.98721538237	13.4378392981	African
12.3163605735	12.6049990822	African
5.62193767445	-3.85963141992	African
-5.42607113622	-21.8812404351	African
-0.791933895893	-14.3011429259	African
23.9794027642	-4.28532572068	African
18.2531285396	-11.4176103189	Australian and New Zealander
-9.15497823317	-20.5627055769	Australian and New Zealander
20.3908221078	-16.9580637768	Australian and New Zealander
-7.37150605378	-7.18562993365	European
-7.69808799278	-6.99453113711	European
20.4410410745	-10.7877203977	European
-13.6346146849	-9.77105566693	Asian
17.3906491434	-15.786286657	European
19.0199750286	13.3162476781	Middle Eastern
8.69190471418	4.40754011071	Middle Eastern
19.8197859296	-9.63559846256	Middle Eastern
-2.64074270422	-14.7483079886	Middle Eastern
15.0077932734	15.226387164	Middle Eastern
23.783169252	-3.67476699216	Middle Eastern
14.2843898615	8.86830172504	Middle Eastern
10.8449334866	10.4361512737	Middle Eastern
-2.67506966518	-14.7177414709	Middle Eastern
14.3469630184	8.83155357971	Middle Eastern
-15.7662263758	-13.4604916017	Asian
-15.7303762592	-16.2608541121	Asian
19.1774751975	-4.44232198183	Asian
-12.1429917412	12.1399658986	Asian
-17.5824682512	-10.5664913998	Asian
-12.5320152483	-5.84838413101	Asian
-10.922048755	-9.48002226848	Asian
12.9015134264	17.4072136952	European
-8.11278572278	-12.0461690037	Asian
-2.41251164091	-13.7382036837	European
-5.51916037415	-22.2506063431	Asian
-10.6320871745	-16.3151329903	Asian
-0.742519491823	-12.364370742	Asian
17.2354417969	4.6464773967	Asian
0.983298102896	2.09972973052	African
-3.60728170168	-6.17027713249	African
17.7489641367	4.26577364939	African
17.8580863678	-0.154802445543	African
-11.9814351737	6.405631304	African
7.6228113148	2.1458957779	African
2.12262481126	9.19755936564	African
8.61001596949	-16.1841437388	Australian and New Zealander
9.17428421725	-18.2817359039	Australian and New Zealander
-12.2962976237	9.10518189394	Australian and New Zealander
18.3064062106	16.0030970377	Australian and New Zealander
17.7685684584	-15.1598440568	European
20.2451448994	3.97652323681	Canadian
-2.41093145324	1.68521498223	Canadian
11.5941028823	7.09513287496	European
-3.13147960173	-9.57239574151	European
17.9352439166	-13.0063376577	European
-5.05854326721	-11.7088701428	Asian
-20.3382883216	5.57818725157	European
23.3286005969	-11.9241206978	European
11.7357458371	-9.86010749296	Canadian
-18.4569476438	4.83343663468	Canadian
-16.0041418606	-13.9755194431	Canadian
-13.5577923093	-14.4992475225	Canadian
13.473633405	-4.25077839731	Middle Eastern
-5.77393644056	-11.6428830413	Asian
7.31783614974	-10.90861042	European
13.0046938955	-13.1916401145	European
11.0872424319	-12.1236674845	European
17.9392399602	-13.1915289931	European
22.374196112	-8.45591049315	European
-14.5911991311	-12.4737734305	Canadian
4.31427459872	-10.0711711242	European
7.51121572406	-5.95910257338	European
-3.60445247604	-3.67664470723	European
13.6967187366	-17.8344656907	European
-8.90423117254	-2.09958296322	European
25.8922294778	-12.1334027652	European
23.0152922331	-5.85794008788	European
18.7446850705	4.19320439896	Middle Eastern
12.7321768668	12.8664107003	Middle Eastern
12.229559331	12.2209365889	Middle Eastern
1.75315946136	8.5813747471	Middle Eastern
-3.28241108049	-4.21227241099	Canadian
14.7295830709	15.5969741694	Middle Eastern
14.652598073	15.7196757767	Middle Eastern
12.0388619323	12.3915471581	Middle Eastern
16.2133394913	10.3207262071	Middle Eastern
13.595769541	-2.6147056807	Middle Eastern
-6.34526640802	-11.7143978327	Asian
-4.93208474743	-23.8773808914	Middle Eastern
18.0307602687	3.37992136363	Middle Eastern
-10.3965365491	-4.74285111769	Middle Eastern
-10.3592473764	-4.75353020595	Middle Eastern
-5.1437750057	-24.0991201404	Middle Eastern
2.73058835601	-18.272561325	Canadian
16.4829706734	-11.9049559213	Canadian
-13.32195913	0.547340886977	Canadian
6.52779448612	1.46962680801	Canadian
10.7037622864	-12.1040496823	European
21.5899017276	-14.3515107588	European
15.7670633653	-13.9814232747	European
9.52407589457	-4.78449011549	European
-18.1686888775	-14.515510423	Asian
-3.70497987139	-11.1247740635	Canadian
16.3951758216	-6.09597122704	European
-17.6268017272	0.215940622725	European
-5.30074095457	1.26630024534	European
20.3170345353	-8.73661267023	European
25.9233854176	-12.5196496615	European
16.7340745269	-13.9078257349	European
23.4975964121	-7.44548461579	European
16.4619187753	-15.4429253619	European
16.6119436481	-15.4428041505	European
19.8232527011	-13.7488425358	European
23.5113307284	-7.51251535158	European
0.0452492211751	-5.14884689962	European
2.94586317752	-24.3541341166	European
6.4836239666	-6.35205741203	European
18.0498218023	-15.7227047688	European
21.6231576626	-8.64932521059	European
-6.86734744653	-2.21913305017	European
-1.56311542482	-12.6333702212	European
-22.652989995	2.67618668585	European
-5.53183801175	-2.89220789232	European
13.417418529	-2.83478311674	European
6.18761898317	9.45694165941	European
-4.81848928373	-11.7206407229	Asian
-12.3591819322	6.18893116933	European
-10.1133324959	2.95557412519	European
-13.2525416847	6.63910178666	European
-5.08027116834	-14.5751101049	European
25.2399198479	-12.1466914482	European
13.945448739	-12.2259609736	European
-2.29594520978	6.41188162219	European
-2.06582771468	4.75472158042	European
2.23651616485	-2.34022714002	European
-22.6534705905	2.67617620246	European
25.073283273	-8.51730392683	European
2.22948108465	-10.2890218433	European
1.19692665624	-3.98770130495	European
-12.2367551289	-2.31425297365	European
11.4140418678	-9.19022645628	European
25.999098848	-11.1631616613	European
15.6719939174	-13.3888667913	European
23.6147485128	-11.7431996144	European
13.0835769514	8.2379624283	European
20.194979489	-7.3067523316	European
18.9827601206	-13.352050053	European
11.2781070845	-12.1279509591	European
22.3893082757	-8.32940321755	European
12.741630085	13.3918071793	Middle Eastern
18.7106961242	-5.94056434107	European
12.2810614816	-2.51110131985	Middle Eastern
18.2480078122	5.70559244115	Middle Eastern
22.0543102489	7.76396204576	Middle Eastern
-12.5609479289	-10.6229572099	Asian
21.4799583065	-3.84893619902	Asian
10.5043707142	-12.1299368882	European
8.79427476149	9.19999906411	Middle Eastern
19.2376294263	-4.37095152398	Asian
8.5156289552	-16.2116695489	European
16.6412604443	-3.32973261578	European
20.8857203805	-2.70011591102	European
19.9447996002	-15.7852135846	European
9.67976212753	-4.96067272507	European
23.4337189918	-7.34876701478	Middle Eastern
7.14364114739	5.07498818115	Middle Eastern
-17.8015765141	-4.48250448385	Asian
-10.139080774	-12.4965195312	Asian
-10.3937429785	-12.256281156	Asian
-19.7014424653	-10.359305459	Asian
-5.06566662568	-11.6783031201	Asian
9.89106998691	-15.3337278646	European
-6.95499833132	-0.409724750877	European
21.8155561591	-15.6167347931	European
2.5514767369	-19.9293534431	European
19.9731298993	-16.5121338685	European
16.7157711606	-15.3650192223	European
3.90035797453	-8.11208627533	European
19.2103834955	-10.5213762324	European
-6.8926363571	-5.78426881372	European
-6.25630231364	-7.17941668899	European
9.47356729189	-14.4033077238	European
-6.4056566389	1.33619173507	European
3.00419840682	-19.3056821242	European
17.3293886739	-16.9565332491	European
25.8299949797	-10.9088224036	European
-6.94848643419	-22.9316223657	Asian
-12.9049034685	-7.69205930354	Asian
-11.0890418559	-12.1662194288	Asian
-15.1708910081	-1.77388349108	Asian
-13.4569603467	5.550906097	Asian
-18.543984941	-10.0248191511	Asian
-14.8794260152	-15.7972372902	Asian
-15.5058380359	-17.6107737055	Asian
-14.7587856528	-17.695848886	Asian
-12.550634064	-4.91020782677	Asian
23.2080475932	-8.39515225398	European
6.53769071844	-5.40283829672	European
-16.7223607601	-10.2299355422	Asian
-18.1065417268	-10.3644341058	Asian
-15.6510440299	-16.6004662174	Asian
0.0935796654753	-7.39649792726	Asian
20.8325521208	-5.25940812515	Asian
-13.914148728	-11.4336148798	Asian
-19.4955036421	-7.77145652463	Asian
15.4197816323	-9.64581244738	European
19.0655551907	4.05052745738	Asian
21.1680729819	1.57666147253	Asian
7.03487662919	-4.69775131352	European
2.69577979303	-12.0333287023	European
19.4285992506	-1.97000472844	European
-16.0651959575	-14.9753411556	Asian
25.2712783082	-4.12189800021	European
20.9295303905	-14.0166399165	European
18.3149115728	-1.42920022706	European
25.8229399081	-11.9309209438	European
21.6686001041	-4.35438735924	European
8.3954163209	-12.1739779156	European
-15.4371472995	-16.7139653993	Asian
-15.6337663032	-13.5154751811	Asian
-14.4040635296	-15.9750470827	Asian
-6.37390760231	-3.59535042623	Asian
18.4843734275	-10.0772296569	NA
-4.33840231443	-13.2173618929	NA
17.9502599499	8.44518173456	NA
-1.22095884456	17.9377777423	NA
18.3302036805	4.37385175333	NA
14.6721652246	9.78272232665	NA
1.57943835344	-24.3841604901	NA
-6.16240871348	-7.42193372114	NA
15.6598222203	10.1277923559	NA
-11.1126811824	4.92078214739	NA
-13.0799006605	3.2220658776	NA
1.41824986552	-14.5719537958	NA
-0.651676603331	-5.08641927089	NA
23.7295297308	-3.88921958144	NA
16.9011253804	-3.33005577232	NA
14.3724584379	-13.7621703764	NA
-6.5307447436	10.2929371122	NA
-22.3387706697	-9.53391650889	NA
9.6782868241	6.90708018128	NA
18.50126485	16.2231477911	NA
-14.8665142013	-16.2593982049	NA
13.5074189781	-14.3559144299	NA
13.481070744	6.12805870735	NA
-14.209432538	-17.6991387453	NA
-1.23853238327	3.47997606843	NA
-8.1107210849	7.04562501626	Latin American
5.86631531048	12.503561273	Latin American
1.69179997411	2.94991197797	Asian
20.9336536887	-7.35191791202	Asian
-1.13396248934	17.612660972	Asian
-17.4887883646	-14.8748806196	Asian
7.25456590735	6.64665082284	Asian
-19.330842457	-9.62391321832	Asian
6.36303959134	-15.2148717608	Asian
2.37371109546	3.85490918441	Asian
-9.30836465887	-2.39969044013	Latin American
6.15812981048	6.60967802093	European
10.1190194097	13.4683281215	European
4.02019152143	12.9558293806	Latin American
-5.84065791513	13.0052561345	Latin American
-1.32232716395	9.50504997172	Latin American
5.86363835931	-2.63964471011	Latin American
-6.32496116587	-1.72053677622	Latin American
-3.01199357398	-1.1472286446	Latin American
-7.39244222749	-2.70313336225	Latin American
-7.73516856148	18.0996392969	Latin American
-10.0152501284	14.6180405292	Latin American
-8.73183337888	11.7874317957	Latin American
-11.6852383357	16.9943426656	Latin American
-11.4569911878	13.9936264597	Latin American
-0.378423207258	13.0418479994	Latin American
-17.7067871451	4.67090688495	Latin American
-9.63465307089	15.7159185592	Latin American
-16.9212517009	6.38969075017	Latin American
6.59288587397	3.70418196406	Latin American
23.873317661	-10.1830725274	European
-14.1154656193	-17.1462295292	Asian
-14.4235310552	-8.5251752107	Asian
16.4162824022	11.1074716039	European
3.59625004266	6.78000116246	European
-2.07356009733	0.419064545604	Asian
16.7581842307	12.2393176678	Asian
17.5018968114	4.16541352401	European
-6.36917305891	-20.0214323517	European
23.3965306841	-13.6048124574	European
6.19349029816	-4.93081824295	European
-1.21563934461	-16.4369694591	European
23.4948362041	-3.06388446624	European
8.48207465729	-12.0856192263	European
17.9800065828	-0.962387546534	European
12.035490038	-9.91510043706	European
18.2672626512	-1.35595246206	European
-4.58739639439	-23.6695563354	European
-4.04409017236	-20.7585603023	European
4.2900416259	7.69753669775	European
8.21900701489	14.494588015	Asian
7.98247422493	3.70811701585	Asian
1.4624947553	13.4275946465	Asian
10.6823901244	8.36155836273	Asian
12.5945371635	-3.44586158142	Asian
10.4940490242	2.55546237297	Asian
1.73383780881	19.9262313455	Asian
1.9952257857	13.9109554559	Asian
-9.41612132234	15.2582557178	Asian
1.51382581507	19.9098833443	Asian
-0.0476326951156	15.4470592816	Asian
0.619245240775	12.9074729577	Asian
-18.0927362641	-14.4471336906	Asian
4.3215236982	-0.622132456248	Asian
1.4946713213	2.81050618832	Asian
6.95008333868	-9.86699224013	Latin American
9.46753615035	0.00371846512982	Asian
7.23103689899	7.64796928834	Asian
15.8224503508	2.36211627413	Asian
19.4016962903	-1.95814425493	European
-3.15797270689	-21.2818262211	Latin American
4.72041590651	12.6530443439	Latin American
18.8985600158	-6.47428182582	Latin American
17.6439718186	3.47658064141	Asian
-5.81724401869	-19.94230273	U.S. Recipes
-22.2948968903	-9.41126877236	U.S. Recipes
16.5297271969	-11.4629114507	U.S. Recipes
16.1273545627	-8.00098879833	U.S. Recipes
-1.05004923898	-16.3506593346	U.S. Recipes
14.7312478846	10.9667554444	Latin American
-10.7166377749	16.8199088265	Latin American
-7.18862735696	11.3076858412	Latin American
-8.133865892	3.43301413836	Latin American
-2.73374397941	9.36329271248	Latin American
-4.2680364746	13.7269746345	Latin American
17.9213062914	-4.40349674198	U.S. Recipes
21.5945067414	-9.32409878092	U.S. Recipes
-1.81460935859	-15.04048687	U.S. Recipes
-9.02275250267	-21.1949878548	Asian
18.2401325083	4.97344679284	U.S. Recipes
21.6507457737	-3.60934119078	U.S. Recipes
0.422357195469	-18.2196491302	U.S. Recipes
-4.28144040319	-23.7659897625	U.S. Recipes
14.4862624584	-13.6543064142	U.S. Recipes
-6.37792809913	-19.7906480631	U.S. Recipes
-6.12618136361	-24.1113368277	U.S. Recipes
20.4202932853	-16.9856362465	U.S. Recipes
18.9550715611	-4.73862459415	Asian
19.6425394708	-4.2922874222	Asian
10.1690533968	3.087511914	Asian
-6.16486402604	-7.6361217747	Asian
-0.605893030379	15.0033798174	Asian
7.49096480805	1.94501409892	Asian
15.142540604	-11.1625602172	Asian
6.6975200727	-10.284396063	Asian
-9.02131082174	-21.0699187029	Asian
-8.64116275567	-21.6445534218	Asian
-3.35146680578	-26.4032836847	Asian
23.9588241155	0.0652331512514	Asian
-23.6334450564	-1.82509870886	Asian
-23.6308295984	-1.82938747999	Asian
-8.5274124024	-21.6556093447	Asian
-7.34385332141	-22.6368767008	Asian
-23.6351096159	-1.8238867213	Asian
7.76956430819	2.67230548807	Asian
-17.6829868446	2.96257310623	Asian
6.03882114803	-15.4058696961	Asian
10.7173293445	2.62739738826	Asian
-7.73824084078	-22.1980418775	Asian
-3.03169944403	2.02987486787	Asian
4.50085503348	19.3527664858	Latin American
10.0582921895	-16.2092081382	Latin American
-1.10469178824	4.56851521247	Latin American
-1.84581324304	3.44646153342	Latin American
-8.5068118511	5.97195461067	Latin American
9.58888423488	-10.0347000571	Latin American
-11.4688830923	18.1924580171	Latin American
8.15662373684	-7.45241187074	Latin American
14.2925186531	-4.98287889242	Latin American
23.7063916304	-12.01532935	Latin American
23.4000939064	-2.73304419666	Latin American
0.458181003865	-24.4707870643	Latin American
0.407994919564	-24.4812484805	Latin American
-8.63304739905	8.3846630025	Latin American
12.2180127846	-15.0307461539	Latin American
-2.8181909223	-22.3449673999	Latin American
-1.21068661914	-25.0811926743	Latin American
-3.01909964622	-25.2244949789	Latin American
-11.4951992479	18.1738208595	Latin American
-4.98232374756	13.8791341849	Latin American
-8.58979847219	17.9805811254	Latin American
5.86940148501	-2.75973393256	Latin American
-7.96024496317	5.90344482209	Latin American
-4.4626859679	-26.5340469173	Latin American
-3.29817117381	-25.4656927517	Latin American
14.1388514094	-5.15193959807	Latin American
18.7605235535	-10.9112531323	U.S. Recipes
4.11508633785	8.6633936344	European
-15.9042986983	3.5328700326	Latin American
